{
  "model": "HistGradientBoostingClassifier",
  "roc_auc": 0.8429396264434628,
  "pr_auc": 0.6624905547004523,
  "brier": 0.1601926014821266,
  "ks": 0.5328218243819266,
  "ks_threshold": 0.5254758630304943,
  "f1_best": 0.6450809464508095,
  "f1_threshold": 0.609986922728521,
  "top10": {
    "k": 141,
    "base_rate": 0.2654364797728886,
    "top_rate": 0.7446808510638298,
    "lift": 2.805495505745818,
    "recall": 0.2807486631016043,
    "precision": 0.7446808510638298
  },
  "top20": {
    "k": 282,
    "base_rate": 0.2654364797728886,
    "top_rate": 0.6843971631205674,
    "lift": 2.5783839648044906,
    "recall": 0.516042780748663,
    "precision": 0.6843971631205674
  },
  "best_params": {
    "model__min_samples_leaf": 80,
    "model__max_leaf_nodes": 31,
    "model__max_iter": 200,
    "model__max_depth": 3,
    "model__learning_rate": 0.04,
    "model__l2_regularization": 1.0
  },
  "n_train": 5634,
  "n_test": 1409,
  "base_churn_rate_train": 0.2653532126375577,
  "base_churn_rate_test": 0.2654364797728886
}